action,time
issue,2013-09-20 09:50:21
issue,2013-09-20 09:50:21
issue,2013-10-15 12:34:42
issue,2013-11-01 21:33:21
issue,2013-11-04 19:14:37
comment,2013-11-13 06:32:59
comment,2013-11-13 06:38:38
subscribed,2013-11-13 08:51:20
pull_request,2013-12-04 15:35:15
comment,2013-12-10 21:33:03
comment,2013-12-12 14:43:31
subscribed,2013-12-12 14:47:13
comment,2013-12-18 14:57:16
comment,2013-12-19 06:30:47
issue,2013-12-22 17:18:32
comment,2013-12-22 17:43:02
comment,2013-12-25 10:02:44
pull_request,2013-12-26 08:50:39
comment,2013-12-26 09:04:38
comment,2013-12-26 09:25:28
fork,2013-12-26 09:42:28
comment,2013-12-26 11:24:34
comment,2013-12-26 19:18:48
comment,2013-12-27 14:23:26
comment,2013-12-27 21:31:50
issue,2013-12-30 08:34:56
comment,2013-12-30 14:39:04
issue,2014-01-06 10:32:32
issue,2014-01-06 10:50:10
comment,2014-01-06 11:36:47
issue,2014-01-06 20:50:57
comment,2014-01-15 11:03:35
comment,2014-01-24 10:16:25
subscribed,2014-01-24 11:21:19
comment,2014-01-27 08:52:08
issue,2014-02-10 11:13:47
subscribed,2014-02-10 12:11:14
comment,2014-02-10 12:13:03
comment,2014-02-11 06:15:01
issue,2014-02-14 19:33:41
issue,2014-02-15 10:33:21
issue,2014-02-15 11:01:01
comment,2014-02-15 11:14:23
issue,2014-02-15 13:39:14
comment,2014-02-16 08:51:18
comment,2014-02-17 06:02:45
issue,2014-02-18 15:03:43
issue,2014-02-18 15:08:53
issue,2014-02-19 18:52:45
comment,2014-02-19 19:48:42
comment,2014-02-21 21:13:16
comment,2014-02-21 21:25:27
comment,2014-02-26 12:44:25
issue,2014-02-26 12:45:20
issue,2014-02-27 13:12:49
issue,2014-02-27 13:23:32
comment,2014-02-27 13:24:54
comment,2014-02-27 13:34:53
comment,2014-02-27 13:45:28
comment,2014-02-27 17:33:01
issue,2014-02-28 08:44:02
comment,2014-02-28 17:37:59
comment,2014-03-01 13:27:17
comment,2014-03-01 13:33:21
issue,2014-03-02 15:09:33
issue,2014-03-02 15:12:12
issue,2014-03-02 15:31:46
comment,2014-03-02 15:33:10
comment,2014-03-02 15:39:54
comment,2014-03-02 17:53:58
issue,2014-03-02 22:14:54
issue,2014-03-03 20:17:18
comment,2014-03-03 20:33:16
comment,2014-03-04 05:51:05
comment,2014-03-04 09:35:05
comment,2014-03-04 16:06:22
comment,2014-03-12 13:31:24
comment,2014-03-14 19:45:43
comment,2014-03-14 20:20:33
comment,2014-03-17 14:30:35
comment,2014-03-18 08:53:14
comment,2014-03-19 00:13:21
issue,2014-04-02 14:06:15
comment,2014-04-02 14:14:51
issue,2014-04-23 14:02:51
issue,2014-04-24 11:29:59
issue,2014-04-24 11:30:43
comment,2014-04-24 11:46:20
issue,2014-04-24 11:46:59
comment,2014-04-24 11:52:59
comment,2014-04-24 12:20:30
comment,2014-05-01 14:45:38
issue,2014-05-21 04:53:47
comment,2014-05-23 18:50:01
comment,2014-05-23 18:52:23
comment,2014-05-24 10:50:39
comment,2014-05-29 20:38:29
comment,2014-07-04 15:18:48
comment,2014-07-04 16:02:01
comment,2014-07-06 07:05:48
comment,2014-07-06 16:09:50
comment,2014-07-06 16:14:20
comment,2014-07-06 16:51:10
issue,2014-08-20 10:20:20
issue,2014-08-20 10:23:03
issue,2014-08-22 12:27:16
issue,2014-08-28 07:33:52
issue,2014-08-28 20:44:49
comment,2014-08-29 04:05:36
issue,2014-09-02 07:22:14
issue,2014-09-16 08:37:55
comment,2014-10-02 15:47:12
comment,2014-10-22 04:20:01
issue,2014-11-13 06:44:48
comment,2014-11-14 17:58:27
comment,2014-12-22 20:18:19
comment,2015-04-24 06:11:41
issue,2015-05-12 07:14:41
comment,2015-05-12 07:15:35
comment,2015-05-13 03:37:36
issue,2015-06-09 11:53:41
issue,2015-06-30 12:10:07
issue,2015-07-02 15:45:40
issue,2015-07-02 18:23:10
comment,2015-07-02 18:34:07
issue,2015-07-06 21:29:55
comment,2015-07-07 08:53:21
issue,2015-07-13 19:25:25
comment,2015-07-13 20:15:16
issue,2015-12-10 09:03:43
issue,2016-01-02 21:44:48
comment,2016-01-02 22:02:56
comment,2016-01-25 14:48:10
comment,2016-02-10 11:01:54
comment,2016-02-10 11:19:54
comment,2016-02-11 18:03:58
comment,2016-02-11 18:12:27
comment,2016-02-12 13:53:46
